UID,用户名（共有11位）,关注日期,签名
14633812,梦笙窗窗窗,2022-10-05 18:44:14,阿窗的小群524828248，什么都可以聊捏
20721541,Rubbersou1,2024-02-15 12:31:23,
36734867,优雅的凤凰,2021-07-21 21:57:51,冷眼观世界，期待某一天坠入尘世
161095037,FlamingHan,2021-07-24 14:09:09,^
170651087,Ayane咔咔,2021-02-07 11:10:03,趁有同好的时候要玩得开心。
286883175,李在赣神魔-_-_,2024-01-31 20:52:44,
343563949,艾诺n,2021-06-07 13:32:45,
524901051,汪琛飏,2023-02-07 10:20:57,
661679265,长风之思,2022-08-13 12:33:58,一个211直博生
1350997598,神樣也会落泪,2023-10-16 19:06:17,我都关注你了 你不来看看我动态么
1822240126,苏苏加油努力,2022-08-07 18:01:03,和优秀的人做有挑战的事
